Air temperature [K],Process temperature [K],Rotational speed [rpm],Torque [Nm],Tool wear [min],Machine failure
300.99342830602245,312.798710873172,1398.7232587538429,20.92192442122609,151,0
299.72347139765765,311.84926736582554,1478.3221993926722,31.39614989220498,50,0
301.29537707620136,310.11926073984034,1381.1370118500058,35.863944665783556,9,0
303.04605971281603,308.70612644458885,1453.805770554144,58.8768765734019,119,0
299.5316932505533,311.3964466272272,1215.9577999569321,45.56553124533758,199,0
299.5317260861016,310.7869707708435,1531.9940561059407,26.64518430900109,148,0
303.1584256310148,311.79038644005544,1500.1808213043337,44.86036289417637,69,0
301.5348694583058,311.2703436033639,1377.4367053397714,24.526960110616344,84,0
299.0610512281301,312.09910543063864,1598.8868502648606,50.826910538870735,56,0
301.0851200871719,308.92952957687885,1640.6355206439837,35.28875348182122,125,0
299.07316461437506,312.63478813126864,1258.8660203446539,39.06363811260829,38,0
299.0685404928595,310.3951992093848,1385.591283215068,53.2579664754219,215,0
300.48392454313205,314.15052174525056,1384.6286475319052,27.1283643141575,32,0
296.17343951068443,308.62162436382084,1359.0145348336703,26.028818148870087,186,0
296.55016433497394,313.4719276063305,1624.4212262897622,34.16400673653995,17,0
298.8754249415181,310.3958215669253,1470.9260791840795,50.38378851019317,183,0
297.97433775933115,308.6971639927711,1460.3227738034084,24.806539245231576,219,0
300.62849466519054,309.03222833189136,1199.420645338987,11.67844401889431,56,0
298.1839518489576,309.35930538361134,1595.312704531384,35.488411415910015,95,0
297.1753925973294,310.84833189280386,1314.111240771979,45.5174079991092,203,0
302.93129753784314,311.045670976071,1508.9898945399493,52.00261749738829,47,0
299.54844739902694,308.85259999212286,1541.6065406937287,35.36838637914601,41,0
300.13505640937586,309.95129081547805,1704.0987893757977,35.885733928839976,26,0
297.1505036275731,314.2845407172237,1303.6769401321333,51.53900734255747,73,0
298.91123455094964,313.45508634020143,1047.0731766268761,21.302583003045793,109,0
300.22184517941974,310.8726473393481,1527.5774317130542,36.114792248169906,179,0
297.6980128451554,310.0760069563364,1770.076677226628,41.90423889925058,169,0
300.75139603669135,310.2400626534365,1685.8419529409157,44.49218721285034,31,0
298.7987226201624,311.22703594546084,1531.448912291194,34.901933068091175,233,0
299.41661250041346,307.95441486960317,1426.2545721551928,40.344410117058416,25,0
298.7965867755412,309.4852469251533,1621.0683894955966,15.116726465870105,24,0
303.7045563690179,306.66283185224484,1353.9680700443296,33.41751587666152,74,0
299.97300555052414,310.7984462452106,1571.453665403433,44.53508712554468,22,0
297.8845781420882,311.2943918794055,1575.820523874994,30.177059657453206,225,0
301.64508982420637,309.0336270754012,1659.0314861248319,40.58984221589597,56,0
297.55831270005797,313.1479735265801,1913.9490058366616,44.46872500802698,179,0
300.4177271900095,307.54846867399533,1558.8623950768151,36.57450799142235,231,0
296.0806597522404,307.07125023958037,1423.6554561438752,41.70463770996571,125,0
297.34362790220314,310.44890363711994,1496.1638531712008,30.372674347153875,86,0
300.3937224717383,312.0941966052243,1234.6386142666322,37.93388720303953,220,0
301.47693315999084,313.36785538291576,1395.7930303366413,46.10216169589223,30,0
300.34273656237997,309.08223147426213,1438.6076342830345,41.569729609684344,63,0
299.76870343522353,312.1573616668626,1421.386740309811,34.13468730436065,198,0
299.3977926088214,309.9229830609986,1522.8532308050583,42.24216404290793,231,0
297.04295601926515,309.6547454001184,1376.6370101426699,47.14609790636618,32,0
298.5603115832106,311.76731987497334,1668.1546000986707,19.50058721422522,212,0
299.07872245808045,311.30464575682686,1500.0310597377295,51.59074064955898,1,0
302.11424445243784,306.8472156860315,1498.604951829208,36.63745261318928,17,0
300.68723657913694,312.9530806994518,1450.8157925230623,44.2548993324023,174,0
296.4739196892745,312.7601827082949,1523.2786025788469,51.97246923645228,160,0
300.6481679387896,308.74887459698095,1623.7647397001451,26.28326302769534,228,0
299.22983543916735,310.7916070668748,1369.9304676433649,32.90558997572453,225,0
298.6461559993881,310.9880603725655,1401.2825266387115,37.11451304124295,83,0
301.22335257768174,310.5213475316478,1454.4410956835004,32.16246478875571,34,1
302.0619990449919,308.89938969230917,1298.1193614790177,57.34936575836808,178,0
301.8625602382324,308.6567532641239,1377.1113210417752,31.432279061732075,113,0
298.32156495355474,309.94889185801713,1428.5668689683012,34.44453220513133,145,0
299.38157524829757,312.34545803851876,1631.158377106909,42.04389031602977,109,0
300.6625268628071,311.08720030918886,1539.3841993502888,27.978504739239114,87,0
301.9510902542447,309.25877133582776,1529.0384867051316,36.04319288243736,71,0
299.04165152430943,311.5433974212967,1627.6346943251958,43.17453261250175,124,0
299.62868204667234,304.30291475873986,1479.3942317400906,36.67139595617489,29,0
297.78733005198796,312.2975314007442,1558.5697274893334,39.06613141100052,171,0
297.60758675183865,306.5205724424438,1484.5167370601255,34.70667887551629,52,0
301.6250516447884,309.27511811719376,1539.8043524099442,24.85529690819233,137,0
302.71248005714165,307.7606602107477,1412.5862013582628,43.215932113392384,86,0
299.85597975683936,307.4106370485582,1134.1774262585357,57.54933071647241,179,0
302.00706579578406,312.321653574757,1479.8581256720545,40.18401630783438,176,0
300.72327205009526,309.06459759737623,1713.412220414991,42.25264117247549,138,0
298.70976049078973,310.6930077634614,1638.932310336239,46.92722755116859,193,0
300.72279121101684,309.9061588422416,1644.8096226886755,27.306695034533007,185,0
303.0760731329319,310.95408165444627,1685.4196082709327,57.025146581296056,217,0
299.9283479217801,310.1536437821205,1513.2986386442155,42.02328796422802,163,0
303.129287311628,307.43401555162285,1529.5973561108394,56.31856899089109,160,0
294.76050979182054,311.99253363889426,1407.3522156848476,32.66967004476011,174,0
301.64380500875046,309.01248683367737,1452.5890715959426,58.18061922557825,12,0
300.17409413647636,306.8868362026805,1592.3656724656712,47.75155494034783,39,0
299.40198529906826,309.14376967806817,1680.5826655753224,45.530400858523585,88,0
300.183521553071,313.0015195812686,1479.08305864785,42.34024454353148,67,0
296.0248621707982,311.700443484227,1432.4716102722882,37.514713819255505,41,0
299.560656224325,309.30269573118426,1500.0791938284897,52.00531658473872,146,0
300.7142251430235,309.30148459136313,1590.1810123393673,41.40359869848047,209,0
302.955788089483,309.35672989756523,1283.4217775799686,20.329302964128477,228,0
298.9634595634527,314.15349596712167,1155.5728570294143,28.828135382929975,93,0
298.38301279421364,310.7638709044631,1417.4194725762625,38.14154247807253,18,0
298.9964859128309,310.86008329438215,1316.8931361128762,43.09998983165555,185,0
301.8308042354042,312.06056690806366,1423.7789703529033,39.43411511100104,22,0
300.6575022193194,310.477578318053,1477.8329521773792,52.18970789793663,53,0
298.9404795924659,309.4819157083586,1432.012738646548,20.488981359613753,207,0
301.0265348662267,309.60730030183004,1717.870130170612,41.435879365051605,64,0
300.19415509869606,309.8567974811719,1549.011714690348,21.820207746128453,139,0
301.93728998106576,309.9255555269803,1545.0711539416243,47.59712295484168,23,0
298.5958938122453,311.455259087274,1593.3310716065102,39.05541285557997,33,0
299.3446757068045,310.1038917716146,1329.1750323328847,44.19609972024118,52,1
299.21578369373566,311.4652801544312,1655.8667681130403,31.361170394102338,135,0
297.07297010373577,309.83856683978286,1488.6353570196811,52.79464931657751,17,0
300.59224055412915,310.15727038063216,1600.572092586182,50.417246640588516,56,0
300.5221105443598,306.0035986309358,1339.2214150439768,45.835443030118874,111,0
300.0102269132849,311.83265534940494,1266.9361850975904,38.704827531365595,4,0
299.5308257332497,310.69297695179597,1622.6834487037543,45.798572852951324,153,0
297.1692585158992,311.9960202197193,1556.4614289146275,32.93107432012651,157,0
299.1587093544693,304.2074892436126,1364.6922668463735,48.55555659020712,181,0
299.31457096694646,314.17674940956147,1369.5505378087958,56.49480894323921,12,0
298.3954454615568,309.72082074368967,1668.8152176622154,50.70610559979186,82,0
299.677428576668,312.21636563347505,1321.588216069901,32.70397530192591,28,0
300.80810171362907,307.92018814574897,1746.4009429883945,43.61417317273103,2,0
303.77237180242105,311.22554781012514,1364.9068898028197,27.068584562413523,89,1
300.3491556256637,307.8931688736527,1595.7587888412575,45.723903111756755,103,0
300.51510078144554,308.7524620786084,1450.7072286376524,44.50603412862539,122,0
299.85110816846765,313.8280627077336,1590.4781146623513,21.30183660467836,185,0
296.1624575694019,309.6186351984733,1418.382899682871,28.382161560876362,75,0
299.9469722491016,310.43486574635943,1475.581064089156,37.16861103256233,129,0
300.1204604198821,311.7401354613775,1506.1378763093583,36.991402528591735,202,0
304.9264842249706,310.9913637759452,1349.671881632779,27.905230645811947,107,0
299.61527807043774,310.30083781028713,1611.1236518130188,43.889787293521834,155,0
300.6030946846672,310.72992200493246,1423.0179650292623,42.51473608940512,81,0
299.9305764605895,314.8068311704765,1465.7100126989972,38.05730868021481,76,0
297.6626439247609,309.8847624059328,1350.847593808723,32.44208499841637,228,0
302.28564562903006,310.40219809342994,1115.6499511807033,50.487071264165635,213,0
301.50386606537353,312.10130879201523,1471.3458356099748,56.55407113088295,203,0
301.5820638940861,312.211051865916,1861.8923132419372,35.16438516153463,1,0
298.1812250904105,312.37406061112074,1617.6906431847035,33.878330828451794,126,0
302.8055886218722,311.27746044405836,1497.1109430398408,44.912076654119964,228,0
297.19629787441545,307.71399017453905,1460.5663756187598,36.419706202530136,134,0
301.1737141876005,313.2668630646022,1503.369883921807,38.60602799336766,25,0
304.38091125162,307.7073092139626,1582.0678672762815,47.396531517246714,217,0
298.01892734973865,310.60527093047807,1322.8780777036732,20.906439124927072,87,0
298.86740454079444,308.4914482999613,1667.148254200331,53.183023248526695,203,0
300.1993027301753,309.87172330681403,1607.3071973161866,40.72680524329341,15,0
298.9930486917676,310.65752482060697,1607.72785885619,35.8850685543782,150,0
296.8986731378677,310.6427144309005,1565.771360821459,39.10765845778551,167,0
300.137125949612,310.8438415084706,1502.9424986540985,39.62429355020519,187,0
297.8753925725478,313.2274225381173,1600.929185395023,22.687986965550746,72,0
300.9471848612704,310.90706860302794,1588.7721200612068,54.94938227453236,31,0
298.16115153153237,309.5116867294187,1446.8938933588465,40.41325632270618,14,0
303.0998688100351,311.9281743365767,1413.9597340654648,44.430021304473755,228,0
298.4334934153275,312.37894097784925,1515.278444289298,49.51549770574043,140,0
299.35587696758864,307.544784369726,1732.3530227242782,29.788375424396996,4,0
301.62703443473936,311.19480013969974,1314.1339386519148,44.734718990352285,202,1
297.5382713671321,311.4023454846218,1279.871210137134,37.32358909101207,73,0
300.45491986920825,309.40487299328004,1524.7141261854774,48.46770775216494,51,0
302.6142855085649,312.7514136266232,1507.6331552784027,18.727725796485046,76,0
296.78503353087757,309.6998888259349,1526.0012496555612,39.00905699758731,168,1
300.3692677170646,310.2511529069431,1536.592979686275,33.97179344216038,180,1
300.51976558849685,309.65385635143224,1466.5196618047792,44.322629506341556,109,0
301.5636457435546,310.03115809516294,1723.4795157903122,44.700441873682024,177,0
297.5260985782438,307.8074498262096,1259.8644032285226,32.92374105177974,142,0
297.35908677383145,307.1198982348114,1375.725446282963,32.87826135823956,105,0
301.04388313123377,313.18901012644994,1484.5117859776428,38.89334631442671,126,0
300.5939693464664,308.30607730336334,1253.521678326875,31.033577726847916,6,0
300.50098570069173,308.0172153010874,1473.6218393351894,48.41983695452127,39,0
300.69289641899394,305.6932197727926,1749.2205248592027,36.30792799552554,155,0
298.639950556843,308.722076504621,1503.1329732443942,10.930117806783585,159,0
300.464507394322,307.353820413185,1534.6051358578025,36.25177943378194,98,0
300.58614494659736,313.28403032027273,1310.975285224113,29.614561791560277,142,0
298.5712971639473,312.0196341786853,1407.5457887940784,23.687241845390545,239,0
303.7315490222895,308.62369930964456,1443.7205429514095,27.625733617774273,227,0
300.94766584182355,314.5048716106886,1452.3427354865648,41.094084718329704,84,0
297.6173930055947,311.9635309739832,1692.2465692505652,53.28640828248231,197,0
301.31310721726766,309.3503372329828,1583.6536591087686,43.131844738649804,64,0
298.0506366595454,305.00118857025285,1333.2813064594452,33.934966117842606,131,0
301.5741692074849,314.5818851451815,1536.9757167648008,44.55904195170703,10,0
302.3171911580148,307.22085506647284,1574.7332622745178,35.40909689781008,107,0
298.35863536329657,306.7092025060862,1671.0223557781899,33.05399630836855,25,0
301.92675225848865,312.0451408640193,1737.081102985256,28.456373317670156,188,0
300.825561853873,314.87950481267853,1347.7358712258197,22.48171193248281,164,0
301.644120319989,312.768545637021,1378.3713733184493,36.100762934405545,150,0
303.7935859653079,311.1278182401047,1311.3633211628076,41.58053489920132,220,0
299.5092237679943,311.1895086833306,1464.8970211339529,39.0337632998511,84,0
298.492527671285,311.7068311175606,1569.9537561669501,35.84033072052641,239,0
298.22097114074893,311.5178571795735,1648.1001774883653,30.54253939303219,236,0
298.3683794300691,310.56238284793875,1488.6073464536216,46.08246191684969,236,0
299.8457965811718,310.20840220790376,1452.0228715117735,26.82868080053415,218,0
300.6823039496333,309.87481374420094,1522.763698837311,47.760279138434754,230,0
300.55338159866005,308.49207082226667,1374.7285647554966,29.97782981073275,167,0
301.654366498072,309.43864984626646,1813.4308082542161,32.47564762646965,204,0
300.0260037837558,306.61408637160923,1258.8508459322911,25.33214809384323,150,0
302.90706815431463,309.8033207464105,1527.7110868343586,34.98597853114363,122,0
299.4706863335241,308.0228177856982,1803.540932884446,49.75312458477979,143,0
305.4403383331792,307.79282136556844,1501.0199766839996,45.15628088443957,221,0
301.25133469553003,310.359788302307,1471.4941447497758,49.78422112028035,188,0
298.28568488716746,312.7840045726892,1446.383186578436,45.22142545933936,67,0
297.8582150038778,311.83663321200464,1472.9412477356389,28.963301714696307,103,0
300.9649448304864,306.85899879275365,1705.9272712014795,36.692107756724425,79,1
299.55307442934827,308.02074372685934,1168.220713300574,32.19800870882537,158,0
301.4280009881842,311.88154237597644,1730.015055194449,53.3057490403904,52,0
300.9464752491471,308.03502521292336,1286.4064271324783,28.032113535736883,105,0
299.8543421746863,309.55073370000594,1460.0021506148378,48.93697689389111,152,1
298.3064125638632,311.1001041980491,1435.6133369552008,48.929538701087694,43,0
296.97030555062827,308.06331109027275,1588.282990465608,58.29620201716087,139,0
299.10697009586596,310.2107510122919,1260.2813472174378,35.903134073705026,89,0
301.71279758864694,307.3319490101636,1569.3258999122913,47.123221595801624,100,0
300.4281874882604,308.79726471209756,1803.6464434930278,62.816518365388426,239,1
297.508522442576,310.63956386828505,1295.5238993110784,33.82358323066303,96,1
300.34636185170234,306.81401253293666,1528.4559251415594,24.649597524676402,219,0
300.77063475945766,310.8809494759208,1400.7026733305086,21.199899660922362,8,0
298.2322851275977,309.96072440214664,1563.8830809289555,47.12712028861331,11,0
300.3074502118911,311.1049799088343,1502.872166612363,21.16849791941416,68,0
300.116417436892,310.44782826812934,1403.7769636433536,36.27680947062077,181,0
297.71405940433874,312.7282808599477,1573.1808427306612,44.37313187038961,181,0
300.71557472069657,310.2504490052958,1770.6522164680114,41.85175536829914,27,0
301.12156905273645,309.1411889177495,1471.364431240905,44.25444864184172,55,0
302.16610248635055,310.24459500606457,1607.9636913222273,42.22289855800854,98,1
302.1076041040698,311.08659605807276,1306.0090563193255,52.788658133133936,196,0
297.24466126408583,310.0977201406514,1356.5345434772987,30.47683619261203,225,0
298.1243499201698,310.08118338240774,1570.8609416820566,33.23004861541469,109,0
301.0300705344173,308.5960166243865,1722.6174042803948,32.27340554729176,225,1
301.02757190182444,308.6741981648981,1553.342002317849,48.301918118626105,76,0
301.0300953726121,307.1947894564006,1453.041295421527,49.003985883950634,102,0
307.70546298130944,313.49915348637387,1499.893710813503,44.51225319318508,105,0
301.14178102138635,307.51227352921745,1312.4388399045424,51.834936668899275,108,0
302.2711312803612,308.6141896044082,1590.6772989533051,28.21959132623619,111,0
301.9080035269864,308.5631854688616,1632.3499593485114,56.67224111551137,57,0
301.3027825026116,311.78984875388886,1432.186450075038,55.23238621712258,77,0
299.3694615107193,309.41010064341594,1429.4936778360748,47.35621997245747,74,0
301.51793844098654,312.49548414534746,1539.8817344478073,57.8179890877106,41,0
298.4543495709249,308.65301875151226,1434.4920395939107,23.433767923222263,165,0
299.52636278652,310.5579883244476,1490.0801078061265,34.755518637373484,67,0
299.0292729043418,308.32930589348047,1814.9582683749773,32.64696539318048,180,0
300.16374827877263,314.29029825554676,1462.9461448881004,47.21479323757343,32,0
304.629317133347,307.624803161941,1446.2489771968167,29.498592603978544,70,0
296.2654696148165,310.61964142045406,1402.8687291547262,47.574951493374854,55,0
301.37252038074905,311.2675537618642,1611.6287957249906,53.705361439967135,104,0
296.7745682576207,310.827598194903,1472.8163740172845,46.95202900083999,199,0
299.05613626842114,309.6294246822446,1402.594044251786,42.83751023661501,100,0
302.17790119393476,309.74035860053317,1698.1956048409518,30.12126659099251,50,1
300.1285600381909,310.0876229439582,1712.9404506770456,31.53149033874635,73,0
297.8445104441414,309.705995996743,1409.9364651391943,52.49618905296667,170,0
298.5693925814801,311.9277582335898,1220.0190072959076,47.793490039053324,120,0
301.35919549786934,314.4210460031827,1651.1270534755383,39.60980480622456,142,0
298.5392667365657,308.8850164299843,1397.3055261359993,35.8209045423411,165,0
300.43291717916395,307.26039404084185,1618.5938398744154,19.74192126888623,142,0
300.0911436798076,309.8234359032975,1204.4844273432248,29.291475813155614,4,0
298.6967993047884,315.15941867530864,1633.8896007448964,59.114190871397234,220,0
304.28788817865063,308.39265086406056,1318.3242106078828,27.195444289975335,82,0
301.26783804463605,313.27823361088815,1609.6146178599786,41.89479821221081,181,0
295.9497148266848,313.3554016281529,1502.1409601754651,50.07443973195198,50,0
300.37290862953887,308.89282351658403,1356.9090870905034,27.450773319977074,9,0
298.6764270704632,311.13796615837055,1438.944553060983,41.84710474781083,139,0
301.70486666959243,313.2567932462571,1602.9477685435052,49.37915537510655,3,0
298.4149585231346,309.24174451802503,1515.884167967285,40.1249932190725,94,0
299.7705271170662,309.59283927979527,1587.6619470708727,68.68403055666768,145,0
301.0099745579609,308.8366381721027,1796.4660876773228,23.314007411218046,79,0
301.73151038834027,307.97048653861424,1265.3637582433423,50.58728529883879,231,0
297.5994071858884,308.701444909868,1742.5818862452936,38.27198262603535,35,0
299.3309975283181,307.55211946647546,1515.653390628482,47.719201548366755,24,0
299.0501093776781,310.0681669365185,1365.1823927515309,44.41307151699246,214,0
298.69334153485255,308.46005353788274,1300.4529561391514,32.668438028900034,203,0
303.5309084805622,310.4675718235815,1471.6319413834449,42.2899639245934,97,0
300.8099634219219,306.88820870759275,1638.247516788669,21.420985486017127,163,0
297.4782320913299,310.66176046442894,1480.8676319433698,46.032475005713934,100,0
301.83572389410955,311.66705792321784,1726.673239537102,42.98158465990526,194,0
304.24431239402526,306.01252871485707,1282.323646492266,46.38660168643102,8,0
302.06493052110227,310.74811313969514,1498.1866578230918,50.581183250871504,60,0
296.961260068092,312.4553379849466,1312.1409833380321,43.67619840209711,52,0
299.0315318542675,307.5807179626176,1554.5447823937452,41.480894197982764,145,0
302.53382229837325,313.34514477367543,1633.0331085145951,31.18931663338708,170,0
298.58466106876244,310.8380380187321,1436.885730947842,32.87779236350949,162,0
300.8876388562925,308.5899762884832,1109.3679215059299,51.86734620177331,62,0
301.5492681068587,309.88846184468457,1529.842222019474,54.36335405705979,120,0
298.1461390568438,311.11665382504344,1565.5107827600264,37.61889563687946,225,0
299.8809492878764,310.15201078282485,1560.6442132442546,40.460027472532744,104,0
293.51746531986186,311.07751198489274,1685.3673287733232,30.953856250062337,205,0
297.9512247173314,308.1586528138413,1339.3419480526427,51.72756845267445,3,0
299.4948636972137,310.3387216480722,1602.0324158175674,46.65416823691778,92,0
297.5044336360703,307.17257100619,1678.8761268716962,59.412174364637494,168,0
303.26482260786327,309.7775478773026,1233.2118623990225,31.21676922820261,172,0
297.1397172440787,308.1921847170704,1547.9477738878466,36.21992100981783,177,0
299.119911026606,308.52894011482044,1424.3730253488493,42.314459225255725,206,0
300.2614811545722,312.4721863504209,1487.771599034753,46.464895377257704,27,0
302.88254657813224,312.18262024118854,1552.1514725307504,37.84332362452368,169,0
297.12827569764113,311.21827624181435,1426.9157153829672,31.270389095462995,79,0
302.3263275043099,307.81537447065483,1398.6437881257582,48.81407528923571,75,0
300.0204661220392,309.3671831006104,1505.1228626232037,47.211353625455814,115,0
298.0369826979041,312.4261953999584,1336.9131091705797,30.83725899436275,68,0
300.92420694852655,310.2834338272798,1337.1262306672222,53.55442801105496,97,0
300.39811939114696,314.63865907996336,1601.9059924434755,51.70198709196604,233,0
298.7995662456824,310.78663567878874,1327.6808947262016,41.34296497247793,0,0
300.13960416998003,310.3840982329801,1599.9468751363818,40.79597862376036,166,1
299.2293728062765,309.381767071595,1569.3886939280926,45.540577711159074,95,0
300.2270346905025,310.26708180956456,1241.1289906814104,31.38296929743742,217,0
301.3242613490421,309.69506032723893,1398.3653021496518,40.30031479164082,16,0
303.1720336322907,311.4162173533772,1679.1164104571058,18.4761645539082,111,0
297.5243690023463,311.91340463358915,1352.8251703290478,48.76455645502936,90,0
304.26606674931253,308.4280210789841,1430.339360653592,24.385067775581405,87,0
296.095824400955,307.3375340928844,1569.3091339877844,55.03419828428999,162,0
299.6964298099288,306.3275892537934,1617.5085763923894,36.698799060335496,173,0
301.1766344129692,311.01598265382506,1462.2691670933257,37.88333018068823,169,0
300.56198373547005,307.79326678765227,1410.3734707962537,33.72266093915494,166,0
298.7546009603588,305.69421881409505,1713.3554792547761,37.11961126077924,89,0
299.5837554992855,310.77715720906195,1760.8349495696368,54.18531345148037,48,0
299.01399813068235,314.9859990348656,1646.8287076172694,15.121913434649205,189,0
298.8212704861116,309.9878581769202,1512.7977213847537,52.769653860881874,37,0
301.69920419404207,311.67698154890326,1378.760141753861,43.38023481101708,150,0
300.7140309719301,310.16365871709513,1375.4333390165152,27.929783521427844,149,0
298.6141808094787,309.8022206936177,1578.3771157898636,29.24687606950762,131,0
301.7991997508665,311.83815296597555,1562.7597331333025,56.763930272082035,176,0
300.6145990417532,309.4194509116227,1710.2397889419644,30.544931200572687,58,0
301.6257242376779,310.5347846281438,1597.5675138804208,28.466494894040405,200,0
301.25925768384724,310.64339561239206,1274.5379547360274,51.373145423647294,67,0
298.34200997815583,308.6638190927139,1657.7921426584378,43.385528762859146,198,0
298.87963791960607,311.98408469907304,1350.290905902838,30.620744234636014,214,0
301.49458721024655,309.65008048660917,1442.4043092071472,42.16624975404619,129,0
301.2207405308669,308.4885096810143,1537.5300309377542,29.742473163597225,48,0
299.9581968120717,311.0730196871408,1799.3501234675946,51.00821398422605,215,0
300.23465476661755,308.2030640364179,1966.4877834008041,50.61370964873134,231,0
302.55532979157687,310.05636231473824,1591.0084588704274,45.32006198821943,125,0
298.81685722232834,309.9817620067116,1472.5205071919418,43.61661061247017,222,0
301.09419476234007,312.17179113166316,1580.1758472720826,57.61188124867374,238,0
299.5956146951322,310.9493964657599,1633.1483138810754,39.996863273882255,158,0
299.56463759354557,309.9499460825097,1451.8998561664212,28.181258745791986,110,0
302.1975537039744,311.6355325984006,1769.2817033868482,44.49473912832307,167,1
301.65083269797606,312.7804150980346,1534.5106138787103,60.86047049537114,47,0
301.6270192720013,311.1156206127037,1574.6614633637091,29.85240506814148,50,0
302.61095761430863,310.0207052396868,1599.8886378081693,36.38537233306014,42,0
300.0420076832655,307.3763275352997,1563.2379915921683,44.16446038101453,97,0
301.36390594258995,307.86977267384924,1625.8410750704418,39.46095150994261,182,1
299.3794664868131,309.3895505912907,1407.4120220179616,30.176964196226855,215,0
300.6483327049769,308.7809755956814,1416.2547369080953,51.21857856230471,176,0
299.7397138912646,309.6260573940291,1334.9768650542458,63.20040722017259,123,0
300.19399192998543,310.1132998497942,1565.925184593034,41.96131459023907,217,0
301.19031405087384,311.0593855087135,1616.840475526817,30.959317102639996,79,0
298.36355863353305,309.8590024438818,1568.6659299227829,24.51039474946525,184,0
304.18477455137094,310.97300328765243,1751.1738650021307,42.57975981221181,110,0
297.9879652370006,310.12894882962024,1499.160597175643,51.038773433162575,204,0
297.57162277442455,306.04906686729225,1600.3112483388768,44.751677464953815,142,0
302.31622174700016,308.12132921236247,1336.2448685791028,39.97596159081146,26,0
301.58332538792587,309.71182488855675,1441.93504462884,34.107283482106936,195,0
301.2482396341043,307.5806105143178,1604.3306636348666,29.0783636728191,207,1
301.25669101852856,311.1998574599924,1627.3653166114716,48.34751326324882,191,0
299.9755064543062,313.0615016646874,1455.9049578503727,49.13771621385585,221,0
298.2054912570283,312.4375237033946,1489.26011222129,24.542702133092668,235,0
300.1516091163875,309.5731142581396,1272.3189379978785,55.89838978180684,157,0
298.6456765769758,312.9814522736999,1446.4456198790085,45.74071220894001,163,0
301.9502394668355,310.29733491440425,1633.557474527968,53.99594645145793,194,0
299.7058852369957,309.32582805776394,1586.280752415985,26.578722515148847,213,0
298.34900560641495,308.7731946729181,1575.0998582071816,26.341758445845613,112,0
299.35722831669403,309.3950606270237,1507.4660530771441,38.51030690232703,85,0
300.82586290855124,309.2236463629175,1501.0594737942265,45.02784426895194,113,0
298.8725508943921,310.34083244475096,1400.9518290789829,57.96360822926964,123,1
298.35555920886713,310.3211479620997,1604.8242630303803,47.060789138151314,48,0
300.4873744229838,310.00609204030684,1563.1459416584084,37.573187231879665,75,0
300.48993314221747,310.8738763394927,1573.8028271989199,29.73630792334108,54,0
298.98611364925773,312.38129254957266,1421.094773599863,52.300005727191504,212,0
299.05792338876336,311.89910827088266,1176.9985620193133,30.35294574249285,55,0
300.46409987471526,307.0302040631002,1664.5729067630543,56.284685547723214,195,0
297.10383131700536,304.8921577301961,1428.1743815987393,37.15615350393491,94,0
297.18507245124687,311.86863982247854,1370.583635393532,55.905820726178504,43,0
298.5631115574951,307.26624260316913,1604.0218367870991,46.78931290059278,158,0
299.5731056965763,309.55046919621464,1441.1981040121304,38.63004510557542,185,0
300.621815131196,307.65977394788126,1658.9904576069932,34.806036281738734,86,0
302.9507124338991,306.39603912483994,1592.5508924365047,36.5909212265392,180,0
301.715319246404,311.08292545640955,1602.5353984800715,44.283166923752376,83,0
299.68012294007315,311.5183103206053,1295.1066433199198,40.771564962177166,206,0
299.9619675841946,308.84697919854653,1681.79159780796,34.06188591931295,150,0
297.9949412707244,304.81791541571016,1539.1875796850784,38.34368589682368,155,0
299.96297372801524,308.90751110349504,1444.6084291130696,40.7857702971915,15,0
299.4226827221597,310.7836080108051,1521.5082701013378,18.71265905585188,164,0
300.6454371206762,307.04217686245175,1233.5647150652521,44.58168114788699,148,0
298.3455381128953,310.3667198395583,1561.2979217221007,30.20278775283193,206,0
301.0386930284823,309.969380301654,1345.5942737726893,28.46667596794255,144,0
303.0654778260052,311.15858299920217,1297.0994571234698,23.1265565288929,36,0
299.78247970308627,310.2391607368283,1271.6461220673164,22.0610750213211,76,0
300.8034234441979,308.0538621182369,1666.9032562484888,26.44552496887711,146,0
301.38028798342225,312.393143003329,1405.6104909460817,32.9097904236951,157,0
299.19755905622833,309.68294085394604,1730.0591564874749,59.53259137526568,44,0
300.44818496362086,309.9453909209801,1419.6297805421552,34.74120324104796,145,0
300.02518480156357,308.1334640818536,1243.8963063610581,41.777501062680315,205,0
300.1953521970977,309.113435497617,1332.5213340077012,44.004813865063284,61,0
298.4539804322891,308.2303945719462,1685.3717430010408,41.31065186215849,163,0
300.0490203485179,309.65410788015316,1476.6152733094998,39.225565392740066,99,0
300.9959965824909,313.42341696028467,1417.7569055264098,28.04706236400755,211,0
302.9022872155901,307.2561977141373,1524.0027338779182,54.50927548279212,51,0
301.9185416521704,306.7728772042465,1575.2674104251319,58.07196643637885,18,0
304.3063649150231,312.9423406549872,1667.6098223853692,23.173413058773143,108,0
298.4653048742239,309.58135264569626,1717.2748844839389,29.759714091136203,43,0
301.74464127344135,308.6618545226802,1446.0347031316371,37.20189657622994,6,0
300.3666840114767,312.07980937479215,1301.0928470876943,30.354622050898087,171,1
304.3796058664353,308.78876892052625,1437.9802258315085,45.05965553455865,116,0
298.3834034292897,313.6520194270939,1539.042075987433,32.71727797593387,67,0
298.32055631563844,311.3558517426785,1355.4361610684084,61.65056067806603,33,0
298.80121470911195,309.0241771837086,1356.4273627657435,51.90548594343596,193,0
295.75220855138036,314.314616426531,1551.5681822324827,42.12574030632215,68,0
298.94848995663847,308.7885701539933,1492.7021472644324,50.26986263319732,54,0
298.4817346768926,311.48419074401863,1504.919549311738,51.059004243573085,9,0
300.3007875729524,310.598585160813,1386.2256997949896,34.36052511941757,223,0
300.6835119515543,312.6034825787976,1465.4398928691348,31.83782755458035,41,0
303.7523416784318,313.1230223934537,1361.3650283597544,40.78143062969647,40,0
301.9008476763721,310.0640082981315,1633.529761668718,48.616361244979444,204,0
298.8461926886752,308.4931642593076,1655.287400208563,41.390603986534174,230,0
298.2031706573033,310.9199442858782,1223.071820664286,24.230035178090027,196,0
300.983838343013,308.6445692604958,1360.5733709711385,31.971755560491577,121,0
297.35953358595873,314.02677449505325,1275.5206117364883,39.26027136405622,137,0
303.66291753170873,310.2730706621655,1402.4964098389653,39.2433439567417,9,0
302.3588802414426,309.26935689737576,1487.4843045314458,59.725421767898084,101,0
299.0616486957906,310.3693606117298,1282.5532170452204,26.14012057601002,218,0
296.57373094181827,307.30574742094063,1361.721028031203,45.055892418358745,187,0
302.7077447483308,308.05677192297867,1349.4063941877753,54.8911310832829,127,0
299.7709203094948,312.4008278158889,1531.0900994098415,62.71449745422796,178,0
302.4756326239469,308.6862114420572,1510.4016505554375,35.95602576816039,148,0
296.8111446824113,307.9061780346361,1391.739366999412,44.914294527201996,135,1
298.80124995409244,311.0733055050546,1526.5231308209097,45.69760357198647,192,0
300.0104873994364,312.371408309326,1417.9979873119103,41.95481731553291,91,0
300.0939611875295,311.4379066213301,1459.251733451092,39.01154798760694,112,0
299.09986905704153,311.99209537161164,1751.0178135447804,44.35975389500046,230,0
301.245699864695,308.4864098228611,1701.0691577685523,14.677539147803145,77,0
297.8647591412348,307.15637866651633,1305.0628144608604,46.820694900626314,84,0
299.71524102995744,313.002667303911,1624.459862681876,41.26177903661967,29,1
300.2405912634238,309.35464032231573,1621.7094831737388,37.77525103221735,212,0
301.0288776681175,309.4983339670899,1327.7605066871072,60.46862195719558,48,0
301.42322975617776,312.6563882836981,1622.8166465632291,33.250659812094476,8,0
297.75071581632426,311.1124600188013,1730.6897877618828,35.96924010934969,144,0
296.93177165852876,310.9117755441632,1331.618279063338,59.91553302204734,68,0
302.555353643797,314.3300046898022,1362.3745768478605,31.679386951501435,57,0
300.6646280239592,308.7129635392397,1652.6492200265254,34.49884717063461,184,0
298.5030269268869,311.8556802561625,1540.7242966238473,38.5297457656915,61,0
303.10230395104503,310.11402624979416,1582.7214412859284,48.407344821295496,222,0
300.23134926858575,310.5371845577265,1551.0883824600746,42.078025073533134,51,0
302.3585943681276,313.05693685282506,1558.6043881392216,27.073746528477372,188,0
300.1350369628202,311.0156715125793,1301.0291807533376,34.6783143687281,39,0
304.12149584976396,311.0765921580993,1657.0976559932174,33.92645566787789,165,0
303.51068168488644,312.14501467461963,1675.438498864166,39.22778954776955,170,0
299.50207170304185,309.2700945409142,1465.5913883897958,44.25843658629829,62,0
301.9431419019087,308.32158066532196,1493.4784575279207,44.18205755887972,146,0
301.2907518991703,307.9103816119579,1270.3338746166417,22.23988245951598,227,0
302.7372631150647,306.067286821248,1577.1382134026753,50.639409875608564,49,0
298.0701530788398,314.11241425988067,1585.8086162571217,42.52568845996623,160,0
301.3721029199969,307.79358326855663,1490.6713474501034,53.84532047593906,140,0
302.1168489736992,309.55749275282847,1668.6530039805755,44.44198327290672,77,0
296.4825210271538,309.44637340022217,1449.888415353009,51.01322957735762,96,0
297.6334829746684,310.6148133956182,1584.69088888404,44.66545311450127,189,0
295.9215356444798,311.6314744250786,1347.0503491961827,53.46225756202748,220,0
299.46118633111087,311.7209469767195,1496.4671773688642,45.22250636017779,42,0
301.4350845115919,308.8338451228621,1473.8468613145747,39.02084753557096,176,0
303.00471410419203,309.6657565724272,1533.7961883061412,62.72434720446881,35,0
300.14818956083957,310.5651599009766,1444.5709606749963,48.89037122279892,121,0
303.25723109114256,309.5026177476329,1480.2791106492498,45.73744421004413,107,0
297.23979708357024,313.21469115203996,1623.907075716226,27.23695583461664,9,0
296.5932351212897,310.98194990327653,1434.4853644142675,27.116923825364623,94,0
299.88890460220676,311.46975557209964,1259.0134348891982,42.92715482141853,5,0
300.7681308978786,311.3257625373348,1762.4375856308131,41.45521197768241,56,0
299.9346105038118,312.34694771497067,1707.218111803573,33.858774349916835,128,0
295.86511579992026,310.36204311740744,1306.1605957341571,41.4098269961206,70,0
299.82175992097444,307.4063361040883,1603.4561707867792,55.886269280435954,185,0
297.39106099899027,310.7993759035053,1424.5537844172986,46.954024745502984,218,0
301.3393450976601,308.6972862124163,1539.5230822996589,28.589914902472618,20,0
300.7331964921937,308.9427666365005,1544.133619352024,38.884911728570565,91,0
298.12024042734527,311.1727280375102,1464.8388299525518,31.95033519147439,126,0
298.97226616532663,312.4765661428673,1382.4351501620406,36.12300083591439,79,0
297.8815729562221,310.04254315347214,1396.4188421525612,35.86384334370357,55,0
299.8746418054537,310.61766602519793,1362.5712126778137,35.22354417395995,237,0
301.9102846410025,313.4044298892705,1375.2266687654333,27.44864628026605,214,0
298.0285479073289,310.48150635897713,1489.9232564925967,38.7234531848181,115,0
301.0080930310357,315.2033662283608,1392.6360016333872,34.3939236315269,147,0
298.9394847632551,311.1310192912631,1602.307809856893,10.70551309997732,229,0
298.41425433547533,306.47847448168835,1723.0869233003891,60.529720245016634,181,0
299.7859392800909,311.5066832422091,1412.9920137944935,50.88769654216672,24,0
297.92951535516124,310.76231676976556,1535.9106750803066,36.23699275075004,155,0
298.8927013893056,312.5795055081655,1574.95276654544,40.188190497405984,4,0
297.6042442148223,311.3463627025399,1570.8003406378912,28.28345652682438,119,0
303.92945026583277,309.7230880320325,1511.3932901874132,56.95722877810866,20,0
300.07052710394345,307.55140352742126,1611.4023627539584,58.97288694773111,17,0
298.60054898401484,309.58195348542796,1572.3373429020985,41.56693728246525,174,0
300.42795982146845,308.2989590915814,1314.3506366509052,50.235306441853446,197,0
299.77534390061834,308.83895310039054,1630.373409658391,41.75286778933924,56,0
299.55806080093356,311.17715680884123,1633.0936255900112,26.632745611240694,92,0
301.22833340008685,313.3398090087028,1385.5070843732128,35.881766310363425,18,0
301.5150154200946,310.78934305964594,1505.6906753171404,41.31927966771957,127,0
298.93899770477896,307.6082338759296,1602.4993489216604,35.45452281256556,96,0
298.84836351871064,310.8892053364403,1468.6029270630956,37.81346722564964,192,0
299.4498966056967,312.3932629732913,1660.9467071649017,39.08600442490886,236,0
295.39615767052885,308.7804341913612,1854.580874192904,39.191215021345386,130,0
296.9696178756029,309.73196566665416,1382.1020951047526,40.522584904974835,169,0
302.73374853488906,310.0293763894584,1292.8433095269338,29.39394933603399,20,0
303.28993542700255,308.4302033738355,1545.5727893407313,32.82983850872064,226,0
299.5019279208872,311.29656086768773,1608.2343757689216,27.154157343000307,232,0
301.15311392611153,309.7581037027844,1465.3700439232846,49.778155496862006,39,1
300.62250030908706,310.83906488781406,1717.9890994981552,18.943530581596754,66,0
306.1577616169105,308.2250156443958,1299.2091300415127,51.53590343316925,152,0
302.23914982286914,309.1250833993532,1603.9377934547417,53.86349397262843,126,0
299.7441648170385,311.44476271565554,1409.1208768861661,36.97819413017378,236,0
298.08891911879914,309.25433369581646,1757.9066859310944,13.968629121727012,229,0
296.7871073594849,313.4539277024668,1798.8773029752178,36.38689438032709,236,0
300.40692727173445,309.2007276287708,1385.0015118324977,39.35815838711181,54,0
298.4872985094314,310.4493694515038,1417.566429613713,29.894017800710866,211,0
297.15549258080466,311.86518166374617,1628.9381830469704,34.84781606191757,179,0
298.70685423151497,307.1632685341339,1441.9304025315728,55.30195198863351,171,0
297.8369039927712,306.47838237603844,1493.1883173101642,46.64927162301741,108,0
303.37428327014516,306.94868737085983,1503.8082630813615,30.754358856219,97,0
301.7632795138989,312.52516820685435,1212.0490265703515,24.02400830404568,212,0
299.98405471736675,308.8962837082151,1497.9243380858645,36.729826823902286,183,0
302.95988827778007,315.1163985713365,1396.540833890374,37.86543220649562,182,0
300.15473661529523,308.8715048026852,1426.0315766400342,44.96199187363317,111,0
298.2774315973435,310.36910260639405,1716.544800520322,34.64683287432341,214,0
303.04624815453934,313.08421990513574,1311.5239658581115,45.114995753618615,197,0
301.07782008736933,314.01218577631823,1621.9807780121967,59.35154040060229,114,0
297.9255076913471,314.1230071532728,1458.1555604502287,48.15501022444263,116,0
299.6193226438328,312.41673246118626,1458.0359747256248,39.519114926692275,204,0
298.2487634932305,312.04812505162295,1618.5557844077566,38.16849528946705,86,0
297.2344005380713,311.1850538984024,1551.0076941853335,36.433268658201285,200,0
301.8523550950633,311.5567221523333,1585.5919495829296,51.806409124521444,80,0
303.8188332809403,308.8976285673429,1645.2276990799292,33.72686554048697,65,0
297.2028648523617,308.3636022331554,1450.3037425225016,40.45222708999982,18,0
301.12593847338115,309.9932510851781,1408.1644898238374,40.511979018810855,210,0
298.69871486175634,309.6596307549501,1337.2274210163303,34.98215807188468,134,0
299.0257492324706,309.09354390134547,1376.1884205031567,26.275344521158992,117,1
298.81521215152225,311.39277489491343,1942.3641637963087,43.22974503617668,190,0
298.27201846064037,311.910610417141,1686.701937110518,39.389960281446164,41,0
300.0970432558897,310.17681377258367,1297.3388450687967,45.0024046943657,41,0
298.33809976717794,312.9550601621105,1301.6313064884644,34.66399693560833,58,0
300.54091365155966,307.716621771733,1572.2799092577736,52.20821298813048,19,0
299.8995237811017,309.61268108144054,1582.089719606695,31.232262187881553,72,0
299.5221039062672,308.5663553587944,1582.3325752976048,57.120402840178926,16,1
298.1848726759168,306.2669267658539,1461.7566309669453,22.523634901717383,26,0
298.84645733886333,309.8346386283146,1481.181860999565,44.347700645568914,174,0
301.5107824516515,309.7565049832334,1549.1819286239036,44.754306825266234,1,0
301.00183437524873,313.02689948648424,1512.8839509439995,32.04442932059118,62,0
298.0448895104029,311.26162336910954,1167.1049440878696,44.24393937861012,61,0
300.19866461085843,307.9516263513416,1465.530055413721,52.795186697601586,99,1
301.50277424674357,313.7081851326684,1372.289034860953,17.831811606459354,18,0
296.66118943775723,312.4420673910507,1526.2817128362767,45.02744807490814,16,0
301.0867203847599,311.1641954069372,1947.7888503905115,15.067291796699223,68,0
298.6747524821083,309.54703180230035,1555.1222498211457,30.34335196476792,166,0
301.1411973371863,308.08112152655303,1452.9705470741403,56.29166364900945,209,0
298.47348168691497,309.2555864478579,1638.2702252965878,34.18217966607946,116,0
296.390235798671,312.17749723940835,1572.403183081382,28.261200355910276,198,0
296.74491512423367,313.76917261186924,1563.0141735677762,38.020622710153184,80,0
300.0961698933228,313.0864870565444,1591.0275889823506,60.67906338163552,38,0
300.51944500344297,309.02230115642743,1808.4815347244312,21.68317752793974,35,0
298.1913667497912,307.76076513342196,1330.3667347011126,29.486900883606555,167,0
301.27718491755473,310.2817724938224,1571.0448115217182,54.974316831796266,172,0
296.6769598754621,306.4631212688743,1361.0428305027692,58.57702343537733,131,0
299.8678404027054,310.6463354283696,1583.3268969513372,38.96568775709716,229,0
297.57796760047506,309.7047948274027,1362.197023277086,27.609472974733578,152,0
298.6963277843957,309.0679269962635,1437.3949779592374,60.95843501809159,196,0
300.09479734263283,306.8105938654664,1455.7365128643141,55.94442391749197,157,0
298.2791732694321,311.02720021313945,1646.3725079017063,46.78946987762233,203,0
299.2308889115404,308.9345983206762,1637.7681665913622,31.875976510625797,195,0
302.0125856184289,307.6601663285794,1313.1423935330424,39.50970659161963,215,0
298.8462162609537,304.2554755734367,1508.2401166499774,38.396399189551694,28,0
301.6713842241303,309.94497018989875,1393.5630217876242,43.30851304615578,200,0
297.74058629068475,313.5445031933395,1311.2242633986998,54.51001438131336,195,0
301.05960835583056,313.32251842909574,1467.4474424363445,48.79417041137403,50,0
302.8831372413158,309.08580748682743,1453.727581731627,29.226239230152416,151,0
295.0567109997454,308.79557587927644,1864.0074729518283,53.764964500195376,13,0
298.40620948905905,310.93754851215004,1564.9439738041044,43.131321400131554,68,0
301.1541442543611,308.0032291216234,1293.3573748868644,46.87065795858916,145,0
299.593909227914,310.60358379963895,1415.2838993743587,54.66540859278603,169,0
300.74229174674264,311.5321605567694,1653.2074943144098,28.88419750486449,56,0
298.79202962656836,312.45386644776863,1813.2664159304886,39.64174421293537,210,0
300.1731795749458,309.7996918470401,1262.1025031643062,34.68545448640785,11,0
299.6886455292158,309.5926524996461,1218.0113422291433,24.32140574634544,209,0
302.3355641233196,308.2440348264869,1780.6447763057672,43.467099776049196,16,0
300.5088416866024,308.34623929192026,1558.4421266056356,65.11556551584424,29,0
300.6752053241504,309.5470422161969,1369.756090218545,21.59922255494247,87,0
299.1762460677551,310.73473101363237,1580.1943629183652,39.6771938895053,202,0
299.024787551855,311.8271692524665,1104.6378391474684,46.40542935074774,98,0
299.1348836243608,308.3936420986393,1500.5063259895742,41.23078201656181,22,0
300.7889042847566,312.98537713791904,1549.1731759264628,38.86871947484259,208,0
299.15803103835947,309.45775279791485,1638.6405209306745,27.007836365541756,128,0
300.5795497137928,309.9572654113031,1347.9156071561192,42.327867429401635,78,0
304.15080159729087,308.50557664170435,1512.8530742105038,32.43236022984074,31,0
301.7422494068634,305.1515194794541,1361.1863060910619,18.100782950214466,8,1
299.3479529356643,311.7680907927221,1538.3075633511476,51.94592220513731,14,0
302.4024278443279,311.47368779418485,1365.6980516455465,49.58385819842042,155,0
299.1838492539569,309.4373448857636,1438.784874125967,40.5166097685108,151,0
295.9237509296443,310.13398143444977,1350.6276907814656,42.29074688205703,187,0
297.9838273781652,311.0318784354082,1597.6704362735486,50.74318012715561,162,0
296.25841615794826,306.8749082862269,1628.7676674984998,42.24339656778083,213,0
299.2969730319174,308.9418946453074,1464.806914506388,49.040175547613146,26,0
300.0368367583791,311.58852935924364,1505.7356992440043,37.0251779912615,210,0
303.35287462455057,307.4914211536615,1282.7112878049684,53.119837385739466,108,0
300.6538547475283,310.58711586433327,1455.0485027989819,43.207857259326836,75,0
299.56179894238227,307.2868363907532,1492.4693074437382,41.94051943605874,147,0
301.658811162367,310.9328599648671,1893.1189636544964,27.29938911287968,64,0
295.5777293819842,309.92871703540504,1333.2049461338754,42.869558543017085,212,0
300.47122911621716,306.769736368189,1719.6265858128656,31.680450825055487,176,0
301.54173038777395,312.32947870891434,1649.528816019871,33.617172734715055,108,0
297.0428275084403,308.5308168464039,1542.0954606735204,31.84624371683879,128,1
302.2875080864139,308.37949512597123,1763.79307262927,29.33765068100775,9,0
300.6769928149888,310.4011383944619,1555.8158208910295,61.24771403016962,46,0
299.1694241721984,312.29727469885745,1558.3738793501893,53.31339061988403,122,0
301.26556373221257,307.9683563620432,1492.0319020473682,59.20367502144261,58,0
304.5413857156088,310.1233596996959,1683.5353323627942,27.77104980444436,95,0
300.363732510117,310.85763300066117,1664.4703850716326,40.712537499108926,189,0
300.49644117260067,311.38621121452627,1406.148406875568,27.064923747959043,102,0
299.0812782009195,310.35288311055444,1302.112920810185,33.04305122802936,123,0
298.3003112610704,309.26594432183333,1469.5529043906515,30.818730165834253,85,0
301.6606716330885,308.34481955870257,1379.994215340353,52.395840064415616,145,0
298.2878323481823,310.1722877660927,1490.4713138076968,36.0377032189824,111,0
300.1431324744388,307.8557219760288,1685.6157202026209,50.68379333694016,173,0
299.0446851064698,304.15729903301076,1431.4047517369816,46.04120889588518,159,0
300.9579596514928,310.87311960831533,1493.5764928032638,63.036387521047885,26,0
300.6673242105739,311.8078696821724,1508.7034102212592,25.20555776860276,219,0
302.0750798885158,305.2741351289163,1627.2646323307927,52.59233239786799,17,0
298.9799672022905,307.9805385905801,1162.966599902309,51.464408704007276,166,0
299.4602501294133,311.2383085220104,1408.9949557852055,30.266211619729653,176,0
298.04247256843536,314.1149909394234,1531.692553841921,50.0713333647316,220,0
299.1114134798478,310.0415874153508,1680.0118434640292,43.361449630262285,81,0
300.7546009860897,308.54399411754173,1426.2146328740691,37.72523740046592,171,0
301.5139772332907,309.6342071177903,1218.517094093719,31.760645130280004,71,0
298.15566935164475,312.7497528382964,1592.9567168949204,32.80890548550814,53,0
301.73921184021134,308.7080716417509,1404.6956416761557,60.49812095785926,222,0
302.7112757176099,308.4016159866995,1321.5500011364459,40.006828189574826,161,0
300.8268698064474,309.03451295563593,1406.3481915430164,47.82130001531459,70,0
303.75359162511614,308.09334278348257,1472.3211963516226,32.09100618332447,163,0
298.4524216017929,310.24534063198956,1409.288300319268,32.201470537783614,145,0
297.51069059337715,313.2493569169391,1169.1650914351396,50.81984809249942,37,0
296.44255950219144,310.6461585462321,1634.5599295330699,26.504237884484677,186,0
302.9920886229784,309.49529299574743,1691.2312561918084,35.847862320947286,136,0
301.3087313127081,309.4163774621689,1597.728298700926,40.34027411072232,200,0
299.8888306581791,306.8736183826067,1329.3471494362775,41.11372601840053,237,0
300.55993725263966,311.7662195542943,1469.7762699078723,38.20906714983844,199,0
297.74902190540325,309.8443256059744,1499.0218027155813,43.958197810959234,178,0
304.89150395923366,309.63904017281874,1589.8191584342865,46.92855755817811,34,0
300.25844236395045,316.3862151356897,1600.2510733077122,47.3463754545933,81,0
300.2187895892098,310.59750581673137,1389.8739301832256,30.141961913321733,132,0
301.4515332477974,308.4964178998096,1512.2993334620342,37.15844902071203,141,0
300.96201846347344,309.1472848075889,1568.5920606922862,51.94762861876938,219,0
300.44776804855826,312.2968914183935,1718.3733483220149,48.94647187573872,157,0
298.41905108910936,310.2265408210755,1605.6759809737084,26.271405485189362,3,0
300.942936714272,307.1234440433653,1618.3585031063278,43.514799003522015,166,0
303.76404899295005,311.83845786915043,1512.5739941894042,20.217747506251897,211,1
302.69084009230994,308.66371182892203,1711.5688717805256,40.469349020603694,191,0
303.1863732532788,313.7465955524351,1561.4644193939246,58.97767016745977,152,0
298.9775686471376,312.16009613142927,1370.8368134739644,30.521072827310135,155,0
298.0207903594828,309.1053562086825,1710.5054955187786,31.65676954508418,203,0
299.7484261598007,312.5620327234702,1604.685490880854,47.640297815728594,193,0
300.1114498245774,310.1357110210548,1433.5433968307277,24.57198484790354,234,0
302.1883830369419,311.70554735024444,1428.0760548901135,33.67244970114961,205,0
296.6150707405704,310.96946563458897,1544.4863317711142,45.96441137581753,149,0
303.0591006389212,308.30728669001826,1569.4777192901377,33.65714152310597,158,0
299.683984202842,308.7129003353651,1529.593839844681,37.640300127890285,22,0
299.14623786010515,312.0599216351623,1546.6963010164327,47.44185710315035,47,0
297.97579124947964,309.3304493357869,1754.993606186457,44.21546083536561,147,0
296.6902866562685,309.192703073516,1660.7314728352328,42.66818396295402,124,0
301.6463411679238,308.08975484130127,1528.5953386897536,36.60877720729961,165,0
300.14663593437683,310.84719813118693,1641.1965871151224,43.700611152689554,54,0
297.4200782005179,314.1250498384863,1345.121414470869,38.762673199002435,67,0
297.40984245587276,307.8649341714914,1559.6890574920214,44.57805609925785,206,0
299.32843060141977,310.04843891334554,1771.3959524599666,35.03067974882022,87,0
303.3380430505788,312.82444111083083,1467.2931156911438,38.17431025620459,216,0
299.4808172972728,309.8407172175086,1372.8549107071374,30.10042207447986,0,0
296.9937140937638,310.90474359249947,1402.186666711041,39.64992389993764,134,0
299.5085138718281,307.87521294370623,1336.5550443986417,31.88999136371155,184,0
299.45455286050463,310.8566141944153,1382.2857137808444,28.85953549838007,94,0
294.6062267141169,309.6257114699909,1444.4237852114957,42.586611478553884,139,0
299.8914102669644,311.9714599913597,1289.1649471232038,42.127397758576606,105,0
299.53813093958263,312.3747721031295,1502.3427500924404,47.82873734948573,132,0
301.3924127296268,315.17912728403724,1635.341576067997,35.68874430424901,107,0
303.6979121898907,311.15926634642716,1363.8365729779619,44.08052846836756,177,0
302.2531300590955,310.65159263316434,1727.8925885462654,45.50797572273663,41,0
299.46222261889034,310.3887686031547,1576.6188132791392,44.44773807831595,101,0
297.78694818251665,309.2936674143786,1654.5870878436085,31.74346317197858,123,0
305.14671960649974,310.6769676869234,1401.3248169221795,41.49363482271189,139,0
300.118436868029,309.40919717972196,1628.1787840599923,43.641402960546614,102,0
300.0278585838259,310.3369219525392,1336.2099149407031,40.07178466907942,145,0
299.95174982578,312.63519507121595,1633.5371251254762,19.135223416289154,193,0
300.3961695215357,307.98691486944074,1525.7759009690296,41.6048962397348,73,1
299.7112791761521,312.2797571222581,1582.9876829977175,62.12531039397242,206,0
298.85267598623955,312.63423013467974,1323.6608091562723,36.39960731243017,221,0
298.9062821175192,309.76386294601787,1365.7395236585094,32.719229021446786,107,1
299.934493459568,305.75629020198284,1589.5842327380078,43.73348559711398,121,0
298.91315045773246,308.7843560258111,1357.74779936637,43.123782104665715,16,0
298.5743084346457,312.5939890931222,1569.4809438148684,51.92735165416414,195,0
300.2128604553838,309.95426387540226,1294.9293290309631,27.421318440911122,70,0
299.4900455651583,308.00139553541015,1627.2261319000002,47.31380252574992,61,0
303.0079859771654,308.9904501575436,1315.1215027847236,45.904220612514635,40,0
294.698060383214,311.6812400530091,1582.8449906519286,38.57853463059454,222,0
302.18301370384495,311.09346713640275,1593.8446400469002,43.3868731792169,230,0
302.49217038499523,309.5221358016606,1395.4842272355638,50.29457481598357,118,0
295.8532195351837,309.2663511763706,1587.303985062709,48.72315380028451,161,0
299.3146248118393,309.21648370191235,1539.0663395000333,28.569806879262714,197,0
299.2571182680084,308.155179631003,1419.1737215710893,48.20158186755484,229,0
297.1849766105644,313.23075137893886,1348.7167973885687,39.353113949674814,44,0
298.44436662481826,309.3553590615773,1205.6061462491132,40.72874098015515,57,0
297.77884830906834,312.434317041651,1552.447507094954,40.73196991001694,178,0
303.5045408868472,313.0426321038449,1265.2795842956916,38.4975701120174,125,0
301.87135678629494,311.9966217962959,1514.3016299161961,51.91707497107065,161,0
302.54311018998834,309.1367593745639,1460.4827675876627,39.16282040150788,43,0
301.4433441280865,310.8074601806732,1601.8714163157292,28.804538716168313,14,0
297.74189645756553,309.95160878721816,1454.6931750765204,36.06470144030271,77,0
298.95095946744044,308.1925962785397,1450.5828320479363,41.78694716810475,69,0
300.97874912245584,310.6487185634432,1609.7806056432444,52.29214784297051,177,1
297.5557443822161,307.6419204176804,1550.2587043626177,46.03094684948834,100,0
301.42599686034475,312.3753587769231,1547.4233935774168,31.49464721252956,159,0
299.5193492036837,309.0707654054032,1570.390138471279,64.85189916678891,194,0
299.2503583849008,310.40231931174566,1269.6641815189341,42.6477531097798,2,0
301.421919936407,310.5665757430923,1613.5183019980473,52.753907379990146,213,0
300.88852662297205,309.4821900525918,1591.8703191020404,38.482855664227706,85,0
299.2780676683618,311.1733876029505,1347.4975307135255,45.33359244705449,73,0
302.3186596067285,309.05019268675494,1463.3879289488698,48.39468504518405,50,0
297.8378733448002,311.74259459491446,1494.1039068558553,52.18194711754256,66,0
301.23187121388855,307.3080406395065,1479.8254823397401,50.57368305378225,75,0
301.18620251593677,310.2527591590928,1550.0789949852801,48.721970000729776,92,0
299.38090712137205,313.87785799811655,1714.7050172746776,36.849132688058916,175,0
300.65226604448424,307.99933735078884,1662.2650091509242,34.28253958043938,144,0
297.4977728472294,308.6445100589503,1303.167120985289,43.326075103241976,6,0
301.8480540384138,311.02781569931784,1593.3104985459072,49.33128072341069,12,0
299.630195727114,310.3591635638792,1699.3399979303115,37.77279299223393,119,0
298.9545539589619,310.7012601985471,1558.0212781033804,50.651719657143865,65,0
302.0980184516738,310.9783742602953,1663.647063777895,54.52616745486179,3,0
298.59131261891446,311.26944293712353,1801.8405668551147,30.836790809265803,137,0
297.1830774072729,312.21939968391246,1653.5564319160471,31.6307929620372,230,0
296.8867416529522,310.819637313857,1537.3962893462594,38.59624941094663,87,0
301.2120199026913,309.5174846907629,1656.763271112713,43.076126681891964,16,0
297.43914129500746,311.3451474024055,1521.7331749645336,34.75432986232949,51,0
303.5095883639687,313.7997638697904,1503.5854564927433,53.52202678867144,133,0
295.83614118423253,309.73473250723487,1447.2878646429401,44.24066861518451,210,0
303.39291273658006,308.0509413906587,1734.5120038248162,40.39447048240739,68,0
300.42203493440525,312.21416133857394,1377.2357001086998,25.640904761314722,223,0
299.8065737762592,309.7592376720928,1729.8551587017173,26.841841835724928,201,0
298.9101618263821,305.6546609079719,1574.9796185610558,42.810092502818065,136,0
300.79827222870415,311.6948433543008,1290.1040737797089,18.674043738451637,218,0
299.9247305951503,308.92934362809217,1555.1473939487132,50.12637409644071,204,0
302.20660376403305,309.81893343539167,1184.9960238522563,38.418461556276796,210,0
300.2284552973241,310.66396066113805,1593.8262025246554,72.43092969594733,20,0
300.3006035229238,310.38099935955813,1632.7847224483487,63.079162506161104,23,0
299.27277557557227,311.4189036342781,1411.146606652192,38.18550930752483,229,0
299.88610875255785,309.12902725886033,1518.5321543933374,38.93662997468685,3,0
300.6156035377841,311.02621159635214,1793.123615062543,49.9558151400203,151,0
296.5796632146868,309.48090664483215,1424.1379943607094,57.031726099180375,186,0
297.3036291557886,311.477620961775,1341.1638619415098,23.619709425639833,226,0
301.48652818804544,311.2307349680261,1722.2495103693898,22.136245346453133,2,0
300.3417308762559,308.1291225959108,1794.388078579619,33.779651944456184,67,0
299.63203332729466,312.1719642323501,1500.5543507771772,45.82737583173864,100,0
300.03686786613076,308.9280731097719,1651.7194553112533,44.968735905075974,167,0
300.69516341072335,311.6161155965623,1701.221387329632,50.6977145498385,175,0
298.92048063938125,310.73457462680267,1388.6273651192423,28.003024716346918,53,0
298.4433905491954,313.67636735359025,1427.2041246948197,16.838561370311233,34,0
300.39169051019536,309.5530680352563,1684.6311769732101,48.58014195302145,222,0
298.04325444476996,309.3013664077636,1752.7521418062763,31.718037270347654,55,0
300.81650551142894,309.96116078822456,1584.4321290261532,19.81512135611362,107,0
296.5948327915243,309.3936404343315,1368.0278469746918,41.450637459593814,216,0
302.05831127465126,311.5998838038841,1798.059166754916,47.931756882186775,39,0
300.9451949648261,306.76737878312684,1420.3543653282054,38.77942867878723,204,0
300.51205946862774,307.8926351617073,1449.7293328242822,35.42151613817511,67,0
301.965381967891,307.8643941568416,1551.3506751734433,38.406377678540935,45,0
303.33094888892515,311.90061518394714,1733.1240631072162,36.29417237599217,77,0
302.0287401300363,313.42122674516384,1628.0963964828336,26.51952888059833,140,0
296.3182515373367,309.79110156292506,1562.2298250542865,32.853193230095684,154,0
297.4408460665286,309.66235655362,1569.493279517716,45.212799050138145,5,0
298.7503628446086,310.1401043262264,1506.5272002965198,43.216785413765,16,1
300.05218210042165,312.3237566052164,1583.720927177776,41.6805980596682,163,0
301.03531804093825,308.14529373161884,1120.5659883458545,30.048515181466207,231,0
298.5485123736931,310.47673796546957,1455.5088811395303,38.184968378643326,98,0
300.37353352895417,311.95039525956486,1536.198290237517,18.22934953557145,80,0
298.4892341352934,311.0021883398797,1327.347887457074,41.784766638853895,232,0
298.7769643940161,310.37916323319746,1557.948497671734,54.288577078135674,1,0
297.1866778063036,312.0020921851343,1469.3293168520818,25.258678679578942,76,0
298.1535335077782,304.5935354140015,1763.3213547473235,34.14072326682245,179,1
297.29663078876735,311.3557506390618,1735.9529587822285,43.2910677871013,65,0
298.04825349404535,308.69184863374517,1430.1291646322757,52.528426344274834,51,0
302.1072835932157,306.3387342062871,1477.3743432649958,35.51775383699851,91,0
298.1012022223361,311.02240519904996,1488.907865158741,33.077496707341034,170,0
305.2647641296748,312.7473170903259,1432.2510785760567,20.31076857583917,217,0
300.9866358017618,309.7251029707446,1529.253747604219,41.03438129308106,21,0
300.36967224738976,311.9057490944059,1386.2576896668616,60.42076040143744,110,0
298.28328443963755,313.22455651597727,1330.407699759371,42.77358461964676,106,0
301.400619758818,312.6298289071681,1593.4066835850404,39.77721020816287,182,0
298.84872434752447,313.27992905874277,1594.4294376332716,43.22082310766986,66,0
300.24401962929073,311.4842549821438,1379.3526360510011,39.88907996051398,226,0
305.1201690765376,310.1508672778032,1634.3033146143898,31.869856277398704,187,0
299.8078802005507,306.79606837620565,1405.2633406252003,48.232799156777055,185,0
302.29854665257136,309.5078750237401,1537.9747857056973,42.25761523111754,139,0
298.5936471497482,308.3135068093676,1623.0516018918684,40.176132519336576,215,0
299.93002301900606,314.3418854349956,1494.9581152944431,30.246339727217503,68,0
303.541601271271,309.6482283751353,1568.2111368211702,53.03507931934759,83,0
298.74606588442447,310.24640961356897,1422.5355534168643,46.6470274533311,102,0
303.62489711599386,311.1029707520809,1470.5300124857854,34.47079162632698,38,0
301.4155038709109,310.0872048927449,1469.121085367949,50.01824853681937,12,0
298.87506644821144,313.3901020808615,1388.013248018964,35.02429161614793,40,0
301.264815478111,308.7547012765311,1473.4838755326327,32.17996507488963,56,0
301.94510889925346,310.3892149104745,1267.707255170438,32.40296882519713,180,1
301.24361992443437,308.5150588286039,1426.3269379286844,22.289314469119088,236,0
296.8595505602191,307.3599549775586,1457.2686759945493,44.71542380418206,11,0
298.54572564835024,308.77646181818943,1461.573037125693,21.6885512166165,12,0
299.504962728897,309.92592640590317,1463.7753831193832,27.715561687342372,119,0
299.8511331417999,309.14139555096546,1490.7353700209806,19.244119909214668,201,0
301.24134419510136,308.6151580402523,1571.9162277129096,39.13930307209107,96,0
300.3554020018665,307.18736507265635,1631.1775611198784,38.49679539728128,56,0
297.3293112825798,309.83378885474264,1402.53521597276,36.73303786813636,39,0
300.7603957020119,306.990559251938,1319.5198716916284,29.574223053294237,117,0
301.22117149056766,311.5201119273792,1343.6933381635345,28.2776624656336,79,0
301.1195808958621,310.164879505869,1426.919561820761,44.64369863546574,127,0
302.16156145110926,307.08489700107015,1447.2118023275236,34.494480682915125,172,0
301.6678443090978,309.38158184590026,1384.5005900703813,43.16358321536145,34,0
300.9183601584569,308.4956871888188,1305.582500362516,31.147513138757773,2,0
299.8596685770827,310.63834902083835,1431.5818758788719,41.81062742771083,119,0
296.67807813296804,312.6809008920463,1527.2139930170956,53.032780373160634,4,1
300.85923643826516,306.2496550607085,1589.2544198753346,45.861658003927836,217,0
300.41537537432623,310.2300521582948,1416.3865420337518,35.875861817835194,10,0
300.5431576743907,309.6797344088667,1438.050326678485,42.571989703559275,125,0
297.4465028483594,311.3426801529009,1360.9952536729033,37.59334825469787,70,0
297.83788691918346,310.42639325647536,1495.2841244437836,40.07880184694728,116,0
302.1063057066658,308.49606133652236,1372.7357048713777,36.743889478514966,183,0
299.92088969228666,309.36189212866674,1585.96917198618,38.356647941146086,137,0
301.36300139474525,308.40794828639304,1232.1200262098832,42.12093353074175,105,0
300.05663675226094,312.1520142771972,1446.0555491321306,30.066413004180493,115,0
300.05951227899146,310.0426232973439,1545.1661008787614,29.841211730100216,161,0
301.876567611952,313.802381371506,1527.5751774483756,26.114574461687887,66,0
298.96791054356527,309.87867837237076,1903.9550495970745,23.9972889549629,199,0
300.19224155388196,308.5831864661791,1552.4700036851862,27.82717307779521,30,0
299.07544942258994,306.97257121477435,1349.3918104736986,41.59462506804129,74,0
299.1310075451354,306.3937206474881,1485.680362936639,31.07212484508116,236,0
299.3816557530627,306.831728113989,1233.5630499800322,45.13614464231096,70,0
300.4442675432674,310.534253302023,1487.910037605486,40.34713748752562,236,0
299.04250275667306,311.0174500464599,1375.0415914498863,20.314957865619462,65,0
302.51151225114705,306.83761859593574,1637.3085413340243,46.549755842216896,69,0
298.210785395561,311.79007662815224,1417.5689588106698,48.1079864559171,40,0
299.6262567116773,309.0338778966331,1482.485112630713,30.061373251651467,190,0
299.1205378834517,310.2935860239711,1404.6663237893395,44.20191542894992,159,0
302.8939557687075,313.22444125651083,1760.8277027779998,31.43501762590801,19,0
300.3931095530231,311.79367863173104,1451.8135850823132,40.97670376748336,184,0
302.0636890789373,309.46293870418833,1774.8835565218803,27.355015930450342,225,0
297.02887925392605,308.2176155491694,1622.12276431774,22.068935474654232,177,1
300.53410053173855,305.69636919734137,1572.310009100308,36.17182810387031,207,0
301.7792615912469,308.56169336151515,1555.309972097628,38.762710537251635,152,0
300.16456797855085,309.5777395223446,1559.0695947324377,36.02320306385396,139,0
302.1309607501307,308.02564094569766,1210.8491130981586,28.159694417774404,198,0
298.96542309979924,309.7374860658154,1458.1674908773866,36.00100937868863,38,0
302.81869488037114,310.15370376591756,1626.7736956776482,42.69294752580734,144,0
304.5977962472385,309.55028803638385,1492.6654224788842,39.55106969877463,44,0
299.2743228791207,308.69999483835306,1289.2215229794638,41.82501030599214,138,0
299.10899495719843,310.33730934393344,1492.1393324133796,33.29884799545767,69,0
302.9067689542354,310.8838812991388,1755.6158274383238,51.717179147161595,124,0
303.1591442914614,307.8192018451143,1687.033757330208,28.238266634452195,150,0
298.9542799456935,312.82186475949254,1490.6993985950953,44.875602970867185,90,0
299.15962636580826,309.8028237354315,1642.717391558713,51.81891092959962,237,0
299.436430782279,310.0376992458897,1445.0239469447922,44.80908092748896,69,0
297.31109897793147,311.4164288465131,1244.4192619759922,37.9747577293517,165,0
298.1626961070316,310.466432262527,1361.3301017805668,34.71702953337021,129,0
297.99171846649585,311.90627326782646,1734.4333152762297,50.36087651046256,213,0
298.46440486979174,310.57424833040363,1458.9010377256043,25.77025074738327,83,0
299.9306302252264,308.7751252507191,1463.4924030937473,30.298757396203563,88,0
300.46842946507303,310.7230070504122,1455.024270558768,36.02442234508278,78,0
303.10100098562816,307.71254758535866,1785.620488435951,52.37653757511998,112,0
298.0032919185224,310.217119411553,1743.8938373043095,43.79767636040896,92,0
301.9686447969532,309.9335400187111,1832.81703501722,30.319542414897548,71,0
299.572022311549,309.58376628545494,1476.1432184399923,36.896922946150966,164,0
299.90107258069514,309.74292497712213,1544.3436733120643,33.85676855903706,48,0
301.3496389843332,306.23630190900474,1272.5036175868813,32.90211007766465,51,1
297.7545559568754,308.9025501845181,1721.5401639177412,49.78889558556779,32,0
300.7648194923681,310.18568980228224,1324.8330673098098,26.282568707364945,21,0
300.3329044164261,310.3197127839948,1532.5163345643944,56.087808557343735,113,0
300.9849025280163,307.94464971814807,1335.4046208550733,48.28229690184623,238,0
300.57833728781566,312.5314156817294,1411.6699759891956,50.90861670603698,132,1
304.9106002798218,308.267650303571,1374.410635342545,35.37060487974742,230,0
298.7245200314974,311.93891440105347,1408.8187108986274,38.500592809208904,17,0
298.93800608999635,310.8543887237434,1419.1315945276533,25.66848185475288,165,0
298.75371894715045,308.7075453803124,1417.7596807612385,34.753375929331966,117,0
298.8890457616795,313.55062178521905,1625.000086767046,44.93654847643151,116,0
298.725225745387,307.612726336487,1334.270581040622,52.96063061781396,36,0
302.3780330622151,311.83830834722,1533.08121405208,28.928431831975484,221,0
302.84100849597974,312.00116463608595,1682.6938728458338,36.34494063014734,222,0
298.85850741250107,308.6587595818467,1423.0205453229905,38.48700779767478,63,0
298.33528885379155,312.78493060012863,1392.3121663878596,26.042107978075148,137,0
300.9428311127728,309.4999069708021,1465.4213062229624,45.913492417584,78,0
298.89555391143807,310.5773872585597,1676.9587812541065,32.76009668257391,169,0
301.26586363551104,310.52064367754247,1529.1161446430037,38.04609648822976,122,0
300.4058460417026,309.73138251705893,1420.3178558088603,35.48050628088122,175,0
296.96851177000553,311.62161654631956,1572.581497678206,32.106614942803255,43,0
303.09501040266014,311.5869774411044,1334.6561775245366,39.929550145194455,81,0
303.59175534619106,306.5029360535236,1602.203926566442,37.84390421431978,86,0
298.7744226190312,312.6086804857563,1561.2910961552652,36.281421177213346,224,0
299.22459688012805,306.67501602392866,1453.8287293291673,32.71538378319657,15,0
300.5717307814498,312.0650924086833,1374.2121302329153,43.195246707829554,53,0
300.66891357997406,312.25341027365516,1366.9978616574813,56.536172684922846,101,0
301.31708854534565,307.8180671395696,1580.2226004518866,41.39887232839127,162,1
304.0204090775327,309.1783714240908,1684.3470753733593,49.96118214911129,97,0
299.6461055450119,307.7885906630281,1404.4038379456808,26.097780748465375,155,0
298.4034055109231,309.57015793942253,1568.7580055327226,41.5776143929377,1,0
297.2413615439709,309.3839314316285,1186.9459472096896,29.026316810289334,93,0
298.5381399201162,311.55932106453866,1412.30734040142,25.230750724680988,140,0
299.9337460542524,312.6206174922392,1495.3411600693646,32.60628592540964,168,0
303.58911572703556,312.7913676215799,1363.547487452725,51.91899334413573,207,0
298.9647774019277,308.8756639468434,1359.5240437815605,49.500158286696454,58,0
300.4475759032778,309.58155625251095,1399.8330665296671,42.430047220544,68,0
299.9671542078545,306.6331236155581,1543.828909248956,24.67299440110069,118,0
302.37678654689614,308.3882598670076,1471.9006472390438,38.03719348612063,91,0
305.0538648517472,311.9297032661949,1164.2653150012543,43.01700008901736,180,0
298.93826245415937,313.2311656470965,1181.89497710474,41.75536229578598,230,0
299.02112111496353,307.53130225624017,1408.9702233214236,21.56206416519254,44,0
302.0883217541381,308.8150714816942,1568.6529879080329,31.09682151980128,147,0
301.3637829792526,309.94718848608215,1087.8742735912147,39.35922235851283,23,0
303.69341465147204,310.5603223176392,1425.0404735772554,45.3629090951719,188,0
301.1678563706519,308.3807929601567,1421.062821522387,18.038721789000537,90,0
299.2814158184259,310.84812208892816,1708.2506667312673,38.37876024520141,93,0
301.1813096613846,309.0523213058582,1442.2467282430705,41.43048769878952,57,0
302.2174071611658,309.97109545824344,1557.4483477111394,48.49611988516213,236,1
301.64096436239475,311.0925684960074,1521.1885710131196,46.928575842374364,154,0
301.0145480622146,310.0128445396219,1180.41502802892,45.82571318808805,153,0
302.1333493791783,309.12722821894687,1615.2310824947606,32.00059493298066,127,0
302.33859118089134,309.78078039214836,1532.3094758184432,20.919978628766923,6,0
302.76431798207506,309.8232740815893,1576.2402959511885,36.06947242938599,169,0
301.29741977517926,309.25997794023573,2088.935655965449,50.0163182520856,46,0
299.66576383936626,309.4824078746658,1187.3830590752118,53.93454527524432,52,0
300.29342737286663,313.1972943410094,1758.7044974641663,47.10549102297785,186,0
302.4130179330167,311.1218388958825,1456.8828720899467,44.29340822801734,37,0
298.3661286580255,309.4090393639417,1543.0993356604513,43.79639648385965,196,0
300.7373466177458,311.39390880902147,1493.1731632048136,34.43881253239219,214,0
299.2133223753453,309.332361020488,1436.3645499902934,38.6993970644638,219,0
300.0574896458696,312.3462492751733,1414.5250607641863,56.69069525826331,225,0
302.5569037252146,310.73928438439617,1549.4263103359513,30.574419942081235,52,0
300.3821981360398,309.78539571199155,1272.423945499248,56.14778790709852,142,0
300.0928730963123,310.89543385162057,1612.5868751282649,36.77971845507942,223,0
297.28028771804014,306.858247695863,1437.5708392672118,53.25432109095078,153,0
301.4925071320544,307.7464650621804,1330.4895991439464,25.931849905024617,47,0
301.2909683622822,307.6121499872019,1432.498071300628,45.859042011646494,94,0
304.32650944661094,310.2858861895274,1688.572382529386,32.63229864052378,146,0
299.384443530094,313.4650299989702,1419.6997369475666,25.847328080758125,136,0
300.43830065532785,314.4626002923853,1553.768042731443,42.185340424109455,63,0
300.4987673674215,311.27610220288153,1390.356558642679,50.09471788595969,92,0
303.1549065595269,311.0016889498889,1613.688277488543,31.550585614065035,181,1
299.8094089352261,306.3978845316945,1602.8261608185305,25.00984039541599,124,0
300.55804305154066,308.91465240053196,1777.2913249944618,39.08155235665045,178,0
301.2157930194331,308.4244324961835,1473.6654081751176,39.12564671222819,38,0
300.3732182463127,308.75830480349777,1600.298220713686,45.483196275544984,3,0
299.10713277089894,309.66371236283044,1514.7101309308416,49.495945713644886,125,0
300.3881799857966,309.05581884460577,1694.3807672794521,39.40584818727506,2,0
302.14726349971954,306.04140037924844,1392.1751418586905,58.55503314794263,63,1
297.94696940117785,311.49582051223507,1611.750796931592,42.24234744535292,28,0
300.2659393482937,307.8545139485204,1470.7954055824978,36.535734939931004,115,0
298.59975837012166,310.4784937282223,1490.3717734337254,23.88432640897172,10,0
302.3900932578497,314.14816533949994,1513.762872667256,37.37340479683832,96,0
296.95362619043243,308.1612308168271,1537.8360594640017,36.63613054588864,101,0
298.8821563054568,304.93942495450733,1482.5656435317062,49.6030479628147,185,0
300.75442375012904,309.42799155623976,1532.206977475579,44.62483624066854,202,0
303.1310480584687,312.2019192699971,1736.7177086343277,28.206308783673826,154,0
299.868499477854,313.9166949084412,1647.8174528422828,41.72254386411038,224,0
298.8896009466136,307.5409008110952,1630.3731888745344,46.71531171729053,20,0
303.76231413888115,310.99339844647307,1431.6690710964194,55.280313593878326,38,0
297.1039721991675,309.0693790864399,1366.6138757657513,48.875039674140595,222,0
295.60238808675985,309.78810329139174,1643.295083735663,47.60846654311478,101,0
300.88002890010665,315.2886866940341,1631.4070188794692,40.60085994615164,45,0
298.9958915512948,306.9940593432097,1720.9006013626472,43.883120054234496,65,0
297.9575343657386,310.5074793229891,1409.4029061046156,52.49504900706159,90,0
301.41671289459873,310.93538634353087,1465.567701695948,26.672226025203503,163,1
300.4876014275424,312.17157264987867,1254.077375621185,36.50560672783044,202,0
298.87184273852654,310.1959663069418,1441.129334090869,32.27431251243759,110,0
297.4393912026582,310.6161010790082,1649.485576586917,43.79153118726124,81,0
301.7449146565603,309.21670286515644,1430.0256931157703,52.302221756507876,122,0
301.3004023559173,310.5382538824902,1596.0719692801235,34.03025713278926,192,0
299.80164827244124,309.31361544900517,1471.4245341003284,16.09695632530562,190,0
303.6932739920953,311.2431437797121,1548.6085542332341,35.8777925497553,98,0
297.8598304673477,309.26077932791276,1327.84629152765,49.13473732017407,34,0
296.9489496581505,310.7542007878044,1512.7814174450853,45.376299029498796,158,0
298.6161838602375,309.94147437263007,1051.3296043648916,44.281862478105765,155,0
299.908827967289,312.25210050154436,1471.9655762757022,37.200066981255205,102,0
300.4866788986454,309.897212552823,1255.429013442729,27.209692637802135,128,0
299.51752788428735,306.45393506358624,1680.8991774820224,45.15294321624467,24,0
300.7041107930286,312.52384300142796,1616.6111029146766,31.65718189965375,42,0
297.4969211516191,308.1885353982748,1570.0006472949121,61.840967333804564,229,0
302.88752920814653,308.6924673227024,1728.150934073907,45.70507208354516,83,0
299.83569764321487,308.80867741191304,1357.6625218762745,34.19351697446049,194,0
302.2345916631763,312.74887618634165,1762.1044796873337,33.88614752611372,190,0
300.6854506927554,305.7286515720426,1639.8287346390578,39.070557933864116,50,0
300.9135064383076,316.27549706732,1464.516706917158,37.6049807797825,129,0
301.1395345604644,312.1121136181321,1670.3430220774417,51.16833775529955,209,0
300.8954171200346,310.4464778282583,1334.0559731382548,41.864161697440466,125,0
301.2854455197351,309.8902119987674,1376.322875770849,32.683682610914715,235,0
302.65830506026487,310.5711081497153,1408.711541514045,58.90440685155782,191,0
300.39304233940294,311.04224485675866,1420.6533437903977,40.49308331520223,201,0
301.418007515177,311.29043117190014,1341.5163535859622,47.68839675968897,68,0
299.8205286114256,311.1112089320069,1683.4624600642987,33.91773492555241,8,0
302.88023443089895,310.1791613625105,1461.1718399445253,43.631156277445236,1,0
298.64721539588146,309.60532315938536,1552.875745253532,43.11109991143195,161,0
303.6018808658216,309.69745343269295,1414.447295037948,21.103507079038472,187,0
299.9196840987113,309.61018343929464,1226.9095049177224,60.1527511046064,229,0
297.1384497957639,312.26754019373413,1540.5086037587132,52.906444609225474,188,0
300.25620882982156,311.1871134445617,1213.1617536870335,36.02804683854012,158,0
298.63789668505024,304.1192227306714,1489.7048930871797,28.977302595441444,9,0
301.6812870979775,311.3118015530595,1294.7527441750785,43.47561613803552,113,0
298.6947520413952,310.38947238943757,1798.0913998846213,40.86697699414397,75,0
299.10763313357046,309.9625824871082,1636.7044083262083,43.55668948563229,163,0
296.22091853810895,309.2229630938222,1515.863068690722,41.91577396194089,84,0
299.0953873615018,312.24822543997203,1689.5560016482002,45.06240989305926,48,0
295.1522413467421,311.8950529242457,1373.0526033801395,54.473056993918064,238,0
296.83219435302857,308.45424466435276,1581.521906800514,45.681032051286465,69,0
301.5208293122886,310.8141045742491,1529.971565057807,29.503445010900588,239,0
301.57160031730166,308.05668653091743,1539.6030122000504,53.62562852712452,176,0
300.8509151235699,307.24076367042215,1690.8530250160152,56.406145634882876,130,0
298.06604771374157,308.7465655508201,1609.8738154169703,71.52056734512085,201,0
299.90457728771605,311.7247869447655,1543.3085494237534,28.76505966760402,132,0
299.99279492181887,311.90625009075217,1251.7668845657556,42.42882013150275,237,0
297.6832706216149,311.0261708401946,1355.9930557080804,19.17901296811013,217,0
303.0067966035343,311.450191573696,1481.5936599606414,45.53149156379209,188,0
301.7547245811513,311.03235657422994,1514.0058561414976,34.517997018332274,212,0
299.5580716523407,308.7170368095541,1330.4694412989115,59.23445794824953,236,0
300.05377167798906,310.8638450893479,1861.751501336763,32.25385029981418,89,0
300.4167656158951,311.60081905045536,1727.4591082880358,23.108169620327384,229,0
295.9165302631514,311.50858265962717,1590.3177480588724,35.2873625929748,235,0
299.5056452349588,312.3778267429493,1510.8055291925616,20.245122287828625,25,0
298.6360315040044,311.4166076944021,1468.1686545148273,47.5109945450731,71,0
297.9967599802102,310.70289641508316,1357.2122309966646,19.349169537436794,4,0
299.4377994142281,312.14030047663283,1511.6220777778294,40.28457581183159,14,0
303.59537305369906,309.9469574815019,1538.6628810214127,19.22188180143803,122,0
301.281685722534,308.23625069754456,1313.7359136777563,36.79702195463358,143,0
298.8576420204344,309.67386607211245,1550.1264625867345,56.43378155804534,0,0
301.1451655627123,308.5101947103871,1476.7111426762876,43.60647891435795,143,0
